
{
    "contractUri":
    {
      "description": "URI for the API for NFTs. TMI!",
      "external_link": "https://github.com/alto-io/nft-minter",
      "image": "smile37.png",
      "name": "Tokens created by nft-minter",
      "symbol": "NFTM"
    },
    "metadata": [
        {
          "id": "0",
          "name": "smile37",
          "icon": "🤖",
          "description": "Just an emoji: 🤖",
          "image": "smile37.png"
        },      
        {
          "id": "1",
          "name": "smile32",
          "icon": "🤡",
          "description": "Just an emoji: 🤡",
          "image": "smile32.png"
        },
        {
          "id": "2",
          "name": "smile33",
          "icon": "💩",
          "description": "Just an emoji: 💩",
          "image": "smile33.png"
        },
        {
          "id": "3",
          "name": "smile34",
          "icon": "👻",
          "description": "Just an emoji: 👻",
          "image": "smile34.png"
        },                        
        {
          "id": "4",
          "name": "smile38",
          "icon": "🎃",
          "description": "Just an emoji: 🎃",
          "image": "smile38.png"
        },
        {
          "id": "5",
          "name": "smile36",
          "icon": "👽",
          "description": "Just an emoji: 👽",
          "image": "smile36.png"
        }
    ]    
}